Product_ID,Product_Name,Generic_Name,Category,Dosage_Form,Strength,Manufacturer,Price,Stock_Quantity,Prescription_Required,Side_Effects
1,Amoxicillin,Amoxicillin,Antibiotics,Capsule,500mg,Pfizer,15.50,150,Yes,"Nausea, Rash"
2,Lipitor,Atorvastatin,Cardiac,Tablet,20mg,Viatris,45.00,200,Yes,"Joint pain, Sore throat"
3,Metformin,Metformin HCl,Diabetes,Tablet,500mg,Merck,12.00,300,Yes,"Stomach upset"
4,Advil,Ibuprofen,Pain Relief,Softgel,200mg,GSK,8.99,500,No,"Stomach pain"
5,Centrum Adult,Multivitamin,Vitamins,Tablet,Standard,Pfizer,18.50,100,No,"Constipation"
6,Zithromax,Azithromycin,Antibiotics,Tablet,250mg,Pfizer,32.00,80,Yes,"Diarrhea, Headache"
7,Lopressor,Metoprolol,Cardiac,Tablet,50mg,Novartis,25.00,120,Yes,"Fatigue, Dizziness"
8,Jardiance,Empagliflozin,Diabetes,Tablet,10mg,Boehringer,110.00,50,Yes,"Frequent urination"
9,Tylenol,Acetaminophen,Pain Relief,Tablet,500mg,J&J,7.50,450,No,"Nausea"
10,Neurobion,Vitamin B Complex,Vitamins,Tablet,Standard,P&G,14.25,250,No,"Mild diarrhea"
11,Augmentin,Amoxicillin/Clavulanate,Antibiotics,Tablet,625mg,GSK,22.00,140,Yes,"Diarrhea, Nausea"
12,Crestor,Rosuvastatin,Cardiac,Tablet,10mg,AstraZeneca,55.00,180,Yes,"Muscle pain"
13,Januvia,Sitagliptin,Diabetes,Tablet,100mg,Merck,130.00,60,Yes,"Upper respiratory infection"
14,Aleve,Naproxen,Pain Relief,Tablet,220mg,Bayer,10.50,400,No,"Dizziness, Drowsiness"
15,Nature Made D3,Vitamin D3,Vitamins,Softgel,2000IU,Pharmavite,12.99,300,No,"None reported"
16,Cipro,Ciprofloxacin,Antibiotics,Tablet,500mg,Bayer,28.50,90,Yes,"Nausea, Diarrhea"
17,Zestril,Lisinopril,Cardiac,Tablet,10mg,AstraZeneca,18.00,210,Yes,"Cough, Dizziness"
18,Victoza,Liraglutide,Diabetes,Injection,6mg/ml,Novo Nordisk,250.00,30,Yes,"Nausea, Vomiting"
19,Excedrin,Aspirin/Caffeine,Pain Relief,Tablet,250mg,GSK,9.25,350,No,"Nervousness"
20,Emergen-C,Vitamin C,Vitamins,Powder,1000mg,Alacer Corp,15.75,220,No,"Stomach cramps"
21,Keflex,Cephalexin,Antibiotics,Capsule,500mg,Lilly,20.00,115,Yes,"Diarrhea"
22,Norvasc,Amlodipine,Cardiac,Tablet,5mg,Pfizer,14.00,240,Yes,"Swelling"
23,Glucophage,Metformin,Diabetes,Tablet,850mg,Merck,15.00,280,Yes,"Nausea"
24,Motrin,Ibuprofen,Pain Relief,Tablet,400mg,J&J,11.00,380,No,"Heartburn"
25,B12 Energy,Vitamin B12,Vitamins,Sublingual,1000mcg,Natrol,14.00,190,No,"Headache"
26,Doxycycline,Doxycycline,Antibiotics,Capsule,100mg,Pfizer,18.00,130,Yes,"Photosensitivity"
27,Coreg,Carvedilol,Cardiac,Tablet,6.25mg,GSK,24.00,160,Yes,"Dizziness"
28,Humalog,Insulin Lispro,Diabetes,Injection,100U/ml,Lilly,95.00,45,Yes,"Hypoglycemia"
29,Voltaren,Diclofenac,Pain Relief,Gel,1%,GSK,16.50,210,No,"Skin irritation"
30,Fish Oil,Omega-3,Vitamins,Softgel,1000mg,Nordic,22.00,260,No,"Fishy aftertaste"
31,Bactrim,Sulfamethoxazole,Antibiotics,Tablet,800mg,Roche,19.50,105,Yes,"Nausea, Rash"
32,Plavix,Clopidogrel,Cardiac,Tablet,75mg,BMS,65.00,140,Yes,"Bleeding"
33,Invokana,Canagliflozin,Diabetes,Tablet,100mg,Janssen,145.00,40,Yes,"Thirst"
34,Panadol,Paracetamol,Pain Relief,Tablet,500mg,GSK,6.00,600,No,"Allergic reaction"
35,Magnesium Glycinate,Magnesium,Vitamins,Capsule,400mg,Solaray,19.99,150,No,"Loose stools"
36,Flagyl,Metronidazole,Antibiotics,Tablet,500mg,Pfizer,24.00,95,Yes,"Metallic taste"
37,Altace,Ramipril,Cardiac,Capsule,5mg,Sanofi,21.00,185,Yes,"Dry cough"
38,Trulicity,Dulaglutide,Diabetes,Injection,1.5mg,Lilly,280.00,25,Yes,"Nausea"
39,Naprosyn,Naproxen,Pain Relief,Tablet,500mg,Roche,14.00,190,Yes,"Stomach upset"
40,Iron Plus,Ferrous Sulfate,Vitamins,Tablet,325mg,Nature's Bounty,9.50,320,No,"Constipation"
41,Macrobid,Nitrofurantoin,Antibiotics,Capsule,100mg,Procter&Gamble,35.00,75,Yes,"Nausea, Headache"
42,Lanoxin,Digoxin,Cardiac,Tablet,0.25mg,GSK,30.00,110,Yes,"Blurred vision"
43,Farxiga,Dapagliflozin,Diabetes,Tablet,5mg,AstraZeneca,125.00,55,Yes,"Urinary tract infection"
44,Celebrex,Celecoxib,Pain Relief,Capsule,200mg,Pfizer,85.00,85,Yes,"Gas, Headache"
45,Zinc Defense,Zinc Gluconate,Vitamins,Lozenge,50mg,Now Foods,11.25,280,No,"Nausea on empty stomach"
46,Vibramycin,Doxycycline,Antibiotics,Syrup,50mg/5ml,Pfizer,26.00,60,Yes,"Nausea"
47,Lasix,Furosemide,Cardiac,Tablet,40mg,Sanofi,10.00,300,Yes,"Dehydration"
48,Amaryl,Glimepiride,Diabetes,Tablet,2mg,Sanofi,22.00,220,Yes,"Dizziness"
49,Ecotrin,Aspirin,Pain Relief,Tablet,325mg,GSK,8.00,420,No,"Stomach bleeding risk"
50,Folic Acid,Vitamin B9,Vitamins,Tablet,400mcg,Solgar,8.50,350,No,"None"
51,Clindamycin,Clindamycin,Antibiotics,Capsule,300mg,Pfizer,28.00,110,Yes,"Diarrhea"
52,Inderal,Propranolol,Cardiac,Tablet,20mg,Wyeth,16.00,175,Yes,"Fatigue"
53,Diamicron,Gliclazide,Diabetes,Tablet,60mg,Servier,19.00,240,Yes,"Hypoglycemia"
54,Bayer Aspirin,Aspirin,Pain Relief,Tablet,81mg,Bayer,7.00,550,No,"Stomach upset"
55,Calcium Citrate,Calcium,Vitamins,Tablet,600mg,Citracal,15.00,210,No,"Gas"
56,Levaquin,Levofloxacin,Antibiotics,Tablet,500mg,Janssen,42.00,70,Yes,"Dizziness"
57,Cardizem,Diltiazem,Cardiac,Tablet,60mg,Bausch Health,34.00,130,Yes,"Headache"
58,Onglyza,Saxagliptin,Diabetes,Tablet,5mg,AstraZeneca,135.00,50,Yes,"Joint pain"
59,Feldene,Piroxicam,Pain Relief,Capsule,20mg,Pfizer,38.00,65,Yes,"Stomach pain"
60,Prenatal Multi,Multivitamin,Vitamins,Tablet,Standard,One-A-Day,21.00,140,No,"Nausea"
61,Biaxin,Clarithromycin,Antibiotics,Tablet,500mg,Abbott,45.00,85,Yes,"Taste changes"
62,Diovan,Valsartan,Cardiac,Tablet,80mg,Novartis,52.00,110,Yes,"Dizziness"
63,Bydureon,Exenatide,Diabetes,Injection,2mg,AstraZeneca,210.00,35,Yes,"Injection site bumps"
64,Nurofen,Ibuprofen,Pain Relief,Tablet,200mg,Reckitt,9.50,480,No,"Indigestion"
65,Vitamin K2,Menaquinone,Vitamins,Capsule,100mcg,Life Extension,24.00,160,No,"None"
66,Minocin,Minocycline,Antibiotics,Capsule,100mg,Bausch Health,65.00,55,Yes,"Dizziness"
67,Tenormin,Atenolol,Cardiac,Tablet,50mg,AstraZeneca,12.00,260,Yes,"Cold hands"
68,Tradgenta,Linagliptin,Diabetes,Tablet,5mg,Boehringer,140.00,60,Yes,"Cough"
69,Relafen,Nabumetone,Pain Relief,Tablet,500mg,GSK,48.00,70,Yes,"Diarrhea"
70,Biotin,Vitamin B7,Vitamins,Capsule,5000mcg,Sports Research,16.00,230,No,"None"
71,Avelox,Moxifloxacin,Antibiotics,Tablet,400mg,Bayer,55.00,45,Yes,"Nausea"
72,Ziac,Bisoprolol,Cardiac,Tablet,5mg,Teva,28.00,140,Yes,"Fatigue"
73,Actos,Pioglitazone,Diabetes,Tablet,15mg,Takeda,35.00,180,Yes,"Weight gain"
74,Mobic,Meloxicam,Pain Relief,Tablet,7.5mg,Boehringer,22.00,135,Yes,"Stomach upset"
75,Elderberry,Sambucus,Vitamins,Gummy,Standard,Goli,18.00,310,No,"None"
76,Tetracycline,Tetracycline,Antibiotics,Capsule,250mg,Heritage,25.00,90,Yes,"Tooth discoloration"
77,Isordil,Isosorbide Dinitrate,Cardiac,Tablet,10mg,Bausch Health,40.00,100,Yes,"Headache"
78,Glyxambi,Empagliflozin/Linagliptin,Diabetes,Tablet,10/5mg,Boehringer,160.00,40,Yes,"UTI risk"
79,Toradol,Ketorolac,Pain Relief,Tablet,10mg,Roche,35.00,50,Yes,"Drowsiness"
80,CoQ10,Coenzyme Q10,Vitamins,Softgel,100mg,Kirkland,26.00,280,No,"Insomnia"
81,Rocephin,Ceftriaxone,Antibiotics,Injection,1g,Roche,45.00,40,Yes,"Pain at injection site"
82,Hydralazine,Hydralazine,Cardiac,Tablet,25mg,Novartis,14.00,210,Yes,"Headache"
83,Nesina,Alogliptin,Diabetes,Tablet,25mg,Takeda,115.00,65,Yes,"Cold symptoms"
84,Solpaflex,Ibuprofen,Pain Relief,Tablet,400mg,Sanofi,12.50,300,No,"Nausea"
85,Melatonin,Melatonin,Vitamins,Tablet,5mg,Natrol,11.00,340,No,"Daytime sleepiness"
86,Omnicef,Cefdinir,Antibiotics,Capsule,300mg,AbbVie,58.00,75,Yes,"Red stools"
87,Sular,Nisoldipine,Cardiac,Tablet,10mg,Sciele,50.00,80,Yes,"Edema"
88,Tanzeum,Albiglutide,Diabetes,Injection,30mg,GSK,190.00,20,Yes,"Diarrhea"
89,Anaprox,Naproxen Sodium,Pain Relief,Tablet,275mg,Roche,26.00,95,Yes,"Dizziness"
90,Potassium Gluconate,Potassium,Vitamins,Tablet,99mg,Now Foods,9.00,400,No,"Stomach upset"
91,Monurol,Fosfomycin,Antibiotics,Sachet,3g,Zambon,65.00,30,Yes,"Headache"
92,Tiazac,Diltiazem HCl,Cardiac,Capsule,120mg,Forest Labs,55.00,90,Yes,"Dizziness"
93,Starlix,Nateglinide,Diabetes,Tablet,120mg,Novartis,75.00,110,Yes,"Runny nose"
94,Cataflam,Diclofenac Potassium,Pain Relief,Tablet,50mg,Novartis,42.00,85,Yes,"Cramps"
95,Glucosamine,Glucosamine/Chondroitin,Vitamins,Tablet,1500mg,Schiff,29.00,180,No,"Heartburn"
96,Cleocin,Clindamycin Phosphate,Antibiotics,Cream,2%,Pfizer,35.00,120,Yes,"Itching"
97,Benicar,Olmesartan,Cardiac,Tablet,20mg,Daiichi Sankyo,62.00,115,Yes,"Dizziness"
98,Prandin,Repaglinide,Diabetes,Tablet,1mg,Novo Nordisk,45.00,140,Yes,"Weight gain"
99,Lodine,Etodolac,Pain Relief,Capsule,300mg,Wyeth,52.00,60,Yes,"Nausea"
100,Lutein,Lutein/Zeaxanthin,Vitamins,Softgel,20mg,Puritan's Pride,17.00,220,No,"None"